epoch,loss_gen_faces_avg,loss_gen_anime_avg,loss_gen_total_avg,loss_disc_faces_avg,loss_disc_anime_avg,loss_disc_total_avg
0,4.058783131440481,4.139137742519378,8.197920867602031,0.3573619255423546,0.37731344625353813,0.7346753705541292
1,3.330758390426636,3.1285861865679423,6.459344593683879,0.2319422621031602,0.22481895921130976,0.45676122069358827
